Phoneme1,Phoneme2,EuclideanDistance
AA,AE,2.0
AA,AH,1.4142135623730951
AA,AO,1.4142135623730951
AA,AW,1.5
AA,AX,1.4142135623730951
AA,AY,1.4142135623730951
AA,EY,2.3853720883753127
AA,EH,2.23606797749979
AA,ER,1.4142135623730951
AA,IY,2.8284271247461903
AA,IH,2.6248809496813372
AA,OW,1.6401219466856727
AA,OY,1.5
AA,UW,2.23606797749979
AA,UH,1.972308292331602
AA,P,2.23606797749979
AA,B,2.449489742783178
AA,T,1.0
AA,D,1.4142135623730951
AA,K,2.23606797749979
AA,G,2.449489742783178
AA,CH,1.5
AA,JH,1.8027756377319946
AA,F,1.7320508075688772
AA,V,2.0
AA,TH,1.4142135623730951
AA,DH,1.7320508075688772
AA,S,1.4142135623730951
AA,Z,1.7320508075688772
AA,SH,1.7320508075688772
AA,ZH,2.0
AA,HH,3.3166247903554
AA,M,3.1622776601683795
AA,N,2.449489742783178
AA,NG,3.1622776601683795
AA,L,3.3166247903554
AA,R,3.774917217635375
AA,Y,4.358898943540674
AA,W,4.69041575982343
AE,AH,1.4142135623730951
AE,AO,2.449489742783178
AE,AW,2.0615528128088303
AE,AX,1.4142135623730951
AE,AY,1.4142135623730951
AE,EY,1.3
AE,EH,1.0
AE,ER,1.4142135623730951
AE,IY,2.0
AE,IH,1.7
AE,OW,2.5865034312755126
AE,OY,1.5
AE,UW,3.0
AE,UH,2.808914381037628
AE,P,1.0
AE,B,1.4142135623730951
AE,T,2.23606797749979
AE,D,2.449489742783178
AE,K,4.123105625617661
AE,G,4.242640687119285
AE,CH,3.2015621187164243
AE,JH,3.3541019662496847
AE,F,1.7320508075688772
AE,V,2.0
AE,TH,2.449489742783178
AE,DH,2.6457513110645907
AE,S,2.449489742783178
AE,Z,2.6457513110645907
AE,SH,3.3166247903554
AE,ZH,3.4641016151377544
AE,HH,5.196152422706632
AE,M,2.449489742783178
AE,N,3.1622776601683795
AE,NG,4.69041575982343
AE,L,3.872983346207417
AE,R,4.272001872658765
AE,Y,5.196152422706632
AE,W,4.242640687119285
AH,AO,1.4142135623730951
AH,AW,1.118033988749895
AH,AX,0.0
AH,AY,0.0
AH,EY,1.044030650891055
AH,EH,1.0
AH,ER,0.0
AH,IY,1.4142135623730951
AH,IH,1.2206555615733703
AH,OW,1.445683229480096
AH,OY,0.5
AH,UW,1.7320508075688772
AH,UH,1.57797338380595
AH,P,1.7320508075688772
AH,B,2.0
AH,T,1.7320508075688772
AH,D,2.0
AH,K,3.3166247903554
AH,G,3.4641016151377544
AH,CH,2.29128784747792
AH,JH,2.5
AH,F,1.0
AH,V,1.4142135623730951
AH,TH,1.4142135623730951
AH,DH,1.7320508075688772
AH,S,1.4142135623730951
AH,Z,1.7320508075688772
AH,SH,2.23606797749979
AH,ZH,2.449489742783178
AH,HH,4.123105625617661
AH,M,2.0
AH,N,2.0
AH,NG,3.4641016151377544
AH,L,2.6457513110645907
AH,R,3.0413812651491097
AH,Y,3.872983346207417
AH,W,3.4641016151377544
AO,AW,0.5
AO,AX,1.4142135623730951
AO,AY,1.4142135623730951
AO,EY,2.2561028345356955
AO,EH,2.23606797749979
AO,ER,1.4142135623730951
AO,IY,2.449489742783178
AO,IH,2.3430749027719964
AO,OW,0.30000000000000004
AO,OY,1.118033988749895
AO,UW,1.0
AO,UH,0.7
AO,P,2.6457513110645907
AO,B,2.449489742783178
AO,T,1.7320508075688772
AO,D,1.4142135623730951
AO,K,2.6457513110645907
AO,G,2.449489742783178
AO,CH,1.8027756377319946
AO,JH,1.5
AO,F,1.7320508075688772
AO,V,1.4142135623730951
AO,TH,1.4142135623730951
AO,DH,1.0
AO,S,1.4142135623730951
AO,Z,1.0
AO,SH,1.7320508075688772
AO,ZH,1.4142135623730951
AO,HH,3.3166247903554
AO,M,2.449489742783178
AO,N,1.4142135623730951
AO,NG,2.449489742783178
AO,L,2.23606797749979
AO,R,2.692582403567252
AO,Y,3.3166247903554
AO,W,3.7416573867739413
AW,AX,1.118033988749895
AW,AY,1.118033988749895
AW,EY,1.8275666882497066
AW,EH,1.8027756377319946
AW,ER,1.118033988749895
AW,IY,2.0615528128088303
AW,IH,1.9339079605813716
AW,OW,0.5830951894845301
AW,OY,0.7071067811865476
AW,UW,1.118033988749895
AW,UH,0.8602325267042626
AW,P,2.29128784747792
AW,B,2.0615528128088303
AW,T,1.8027756377319946
AW,D,1.5
AW,K,3.0413812651491097
AW,G,2.8722813232690143
AW,CH,2.1213203435596424
AW,JH,1.8708286933869707
AW,F,1.5
AW,V,1.118033988749895
AW,TH,1.5
AW,DH,1.118033988749895
AW,S,1.5
AW,Z,1.118033988749895
AW,SH,2.0615528128088303
AW,ZH,1.8027756377319946
AW,HH,3.774917217635375
AW,M,2.0615528128088303
AW,N,1.5
AW,NG,2.8722813232690143
AW,L,2.29128784747792
AW,R,2.7386127875258306
AW,Y,3.5
AW,W,3.5
AX,AY,0.0
AX,EY,1.044030650891055
AX,EH,1.0
AX,ER,0.0
AX,IY,1.4142135623730951
AX,IH,1.2206555615733703
AX,OW,1.445683229480096
AX,OY,0.5
AX,UW,1.7320508075688772
AX,UH,1.57797338380595
AX,P,1.7320508075688772
AX,B,2.0
AX,T,1.7320508075688772
AX,D,2.0
AX,K,3.3166247903554
AX,G,3.4641016151377544
AX,CH,2.29128784747792
AX,JH,2.5
AX,F,1.0
AX,V,1.4142135623730951
AX,TH,1.4142135623730951
AX,DH,1.7320508075688772
AX,S,1.4142135623730951
AX,Z,1.7320508075688772
AX,SH,2.23606797749979
AX,ZH,2.449489742783178
AX,HH,4.123105625617661
AX,M,2.0
AX,N,2.0
AX,NG,3.4641016151377544
AX,L,2.6457513110645907
AX,R,3.0413812651491097
AX,Y,3.872983346207417
AX,W,3.4641016151377544
AY,EY,1.044030650891055
AY,EH,1.0
AY,ER,0.0
AY,IY,1.4142135623730951
AY,IH,1.2206555615733703
AY,OW,1.445683229480096
AY,OY,0.5
AY,UW,1.7320508075688772
AY,UH,1.57797338380595
AY,P,1.7320508075688772
AY,B,2.0
AY,T,1.7320508075688772
AY,D,2.0
AY,K,3.3166247903554
AY,G,3.4641016151377544
AY,CH,2.29128784747792
AY,JH,2.5
AY,F,1.0
AY,V,1.4142135623730951
AY,TH,1.4142135623730951
AY,DH,1.7320508075688772
AY,S,1.4142135623730951
AY,Z,1.7320508075688772
AY,SH,2.23606797749979
AY,ZH,2.449489742783178
AY,HH,4.123105625617661
AY,M,2.0
AY,N,2.0
AY,NG,3.4641016151377544
AY,L,2.6457513110645907
AY,R,3.0413812651491097
AY,Y,3.872983346207417
AY,W,3.4641016151377544
EY,EH,0.30000000000000004
EY,ER,1.044030650891055
EY,IY,0.7
EY,IH,0.3999999999999999
EY,OW,2.23606797749979
EY,OY,1.1575836902790226
EY,UW,2.3430749027719964
EY,UH,2.2715633383201093
EY,P,1.6401219466856727
EY,B,1.9209372712298547
EY,T,2.5865034312755126
EY,D,2.7730849247724096
EY,K,4.323193264243457
EY,G,4.437341546466758
EY,CH,3.2619012860600183
EY,JH,3.411744421846396
EY,F,1.445683229480096
EY,V,1.7578395831246945
EY,TH,2.2561028345356955
EY,DH,2.467792535850613
EY,S,2.2561028345356955
EY,Z,2.467792535850613
EY,SH,3.176476034853718
EY,ZH,3.3301651610693423
EY,HH,5.107837115648853
EY,M,1.57797338380595
EY,N,2.5475478405713994
EY,NG,4.3
EY,L,2.981610303175115
EY,R,3.2924155266308657
EY,Y,4.27668095606862
EY,W,3.047950130825634
EH,ER,1.0
EH,IY,1.0
EH,IH,0.7
EH,OW,2.2561028345356955
EH,OY,1.118033988749895
EH,UW,2.449489742783178
EH,UH,2.3430749027719964
EH,P,1.4142135623730951
EH,B,1.7320508075688772
EH,T,2.449489742783178
EH,D,2.6457513110645907
EH,K,4.242640687119285
EH,G,4.358898943540674
EH,CH,3.2015621187164243
EH,JH,3.3541019662496847
EH,F,1.4142135623730951
EH,V,1.7320508075688772
EH,TH,2.23606797749979
EH,DH,2.449489742783178
EH,S,2.23606797749979
EH,Z,2.449489742783178
EH,SH,3.1622776601683795
EH,ZH,3.3166247903554
EH,HH,5.0990195135927845
EH,M,1.7320508075688772
EH,N,2.6457513110645907
EH,NG,4.358898943540674
EH,L,3.1622776601683795
EH,R,3.5
EH,Y,4.47213595499958
EH,W,3.3166247903554
ER,IY,1.4142135623730951
ER,IH,1.2206555615733703
ER,OW,1.445683229480096
ER,OY,0.5
ER,UW,1.7320508075688772
ER,UH,1.57797338380595
ER,P,1.7320508075688772
ER,B,2.0
ER,T,1.7320508075688772
ER,D,2.0
ER,K,3.3166247903554
ER,G,3.4641016151377544
ER,CH,2.29128784747792
ER,JH,2.5
ER,F,1.0
ER,V,1.4142135623730951
ER,TH,1.4142135623730951
ER,DH,1.7320508075688772
ER,S,1.4142135623730951
ER,Z,1.7320508075688772
ER,SH,2.23606797749979
ER,ZH,2.449489742783178
ER,HH,4.123105625617661
ER,M,2.0
ER,N,2.0
ER,NG,3.4641016151377544
ER,L,2.6457513110645907
ER,R,3.0413812651491097
ER,Y,3.872983346207417
ER,W,3.4641016151377544
IY,IH,0.30000000000000004
IY,OW,2.3430749027719964
IY,OY,1.5
IY,UW,2.23606797749979
IY,UH,2.2561028345356955
IY,P,2.23606797749979
IY,B,2.449489742783178
IY,T,3.0
IY,D,3.1622776601683795
IY,K,4.58257569495584
IY,G,4.69041575982343
IY,CH,3.5
IY,JH,3.640054944640259
IY,F,1.7320508075688772
IY,V,2.0
IY,TH,2.449489742783178
IY,DH,2.6457513110645907
IY,S,2.449489742783178
IY,Z,2.6457513110645907
IY,SH,3.3166247903554
IY,ZH,3.4641016151377544
IY,HH,5.196152422706632
IY,M,1.4142135623730951
IY,N,2.449489742783178
IY,NG,4.242640687119285
IY,L,2.6457513110645907
IY,R,2.8722813232690143
IY,Y,3.872983346207417
IY,W,2.449489742783178
IH,OW,2.2715633383201093
IH,OY,1.3190905958272918
IH,UW,2.2561028345356955
IH,UH,2.23606797749979
IH,P,1.972308292331602
IH,B,2.211334438749598
IH,T,2.808914381037628
IH,D,2.981610303175115
IH,K,4.459820624195552
IH,G,4.570557952810575
IH,CH,3.3823069050575527
IH,JH,3.5270384177096794
IH,F,1.57797338380595
IH,V,1.8681541692269403
IH,TH,2.3430749027719964
IH,DH,2.5475478405713994
IH,S,2.3430749027719964
IH,Z,2.5475478405713994
IH,SH,3.2388269481403293
IH,ZH,3.3896902513356584
IH,HH,5.146843692983108
IH,M,1.445683229480096
IH,N,2.467792535850613
IH,NG,4.253234063627348
IH,L,2.7730849247724096
IH,R,3.0397368307141326
IH,Y,4.036087214122113
IH,W,2.6999999999999997
OW,OY,1.1575836902790226
OW,UW,0.7
OW,UH,0.3999999999999999
OW,P,2.7730849247724096
OW,B,2.5865034312755126
OW,T,1.9209372712298547
OW,D,1.6401219466856727
OW,K,2.7730849247724096
OW,G,2.5865034312755126
OW,CH,1.9078784028338913
OW,JH,1.624807680927192
OW,F,1.7578395831246945
OW,V,1.445683229480096
OW,TH,1.445683229480096
OW,DH,1.044030650891055
OW,S,1.445683229480096
OW,Z,1.044030650891055
OW,SH,1.7578395831246945
OW,ZH,1.445683229480096
OW,HH,3.3301651610693423
OW,M,2.3430749027719964
OW,N,1.2206555615733703
OW,NG,2.3430749027719964
OW,L,1.972308292331602
OW,R,2.4166091947189146
OW,Y,3.047950130825634
OW,W,3.505709628591621
OY,UW,1.5
OY,UH,1.3190905958272918
OY,P,1.8027756377319946
OY,B,1.8027756377319946
OY,T,1.8027756377319946
OY,D,1.8027756377319946
OY,K,3.3541019662496847
OY,G,3.3541019662496847
OY,CH,2.345207879911715
OY,JH,2.345207879911715
OY,F,1.118033988749895
OY,V,1.118033988749895
OY,TH,1.5
OY,DH,1.5
OY,S,1.5
OY,Z,1.5
OY,SH,2.29128784747792
OY,ZH,2.29128784747792
OY,HH,4.153311931459037
OY,M,1.8027756377319946
OY,N,1.8027756377319946
OY,NG,3.3541019662496847
OY,L,2.5
OY,R,2.9154759474226504
OY,Y,3.774917217635375
OY,W,3.3541019662496847
UW,UH,0.30000000000000004
UW,P,3.1622776601683795
UW,B,3.0
UW,T,2.449489742783178
UW,D,2.23606797749979
UW,K,3.1622776601683795
UW,G,3.0
UW,CH,2.29128784747792
UW,JH,2.0615528128088303
UW,F,2.0
UW,V,1.7320508075688772
UW,TH,1.7320508075688772
UW,DH,1.4142135623730951
UW,S,1.7320508075688772
UW,Z,1.4142135623730951
UW,SH,2.0
UW,ZH,1.7320508075688772
UW,HH,3.4641016151377544
UW,M,2.23606797749979
UW,N,1.0
UW,NG,2.23606797749979
UW,L,1.4142135623730951
UW,R,1.8027756377319946
UW,Y,2.449489742783178
UW,W,3.0
UH,P,2.981610303175115
UH,B,2.808914381037628
UH,T,2.211334438749598
UH,D,1.972308292331602
UH,K,2.981610303175115
UH,G,2.808914381037628
UH,CH,2.1071307505705477
UH,JH,1.8547236990991407
UH,F,1.8681541692269403
UH,V,1.57797338380595
UH,TH,1.57797338380595
UH,DH,1.2206555615733703
UH,S,1.57797338380595
UH,Z,1.2206555615733703
UH,SH,1.8681541692269403
UH,ZH,1.57797338380595
UH,HH,3.3896902513356584
UH,M,2.2561028345356955
UH,N,1.044030650891055
UH,NG,2.2561028345356955
UH,L,1.6401219466856727
UH,R,2.0591260281974
UH,Y,2.6999999999999997
UH,W,3.207802986469088
P,B,1.0
P,T,2.0
P,D,2.23606797749979
P,K,4.0
P,G,4.123105625617661
P,CH,3.0413812651491097
P,JH,3.2015621187164243
P,F,1.4142135623730951
P,V,1.7320508075688772
P,TH,2.23606797749979
P,DH,2.449489742783178
P,S,2.23606797749979
P,Z,2.449489742783178
P,SH,3.1622776601683795
P,ZH,3.3166247903554
P,HH,5.0990195135927845
P,M,2.23606797749979
P,N,3.0
P,NG,4.58257569495584
P,L,3.7416573867739413
P,R,4.153311931459037
P,Y,5.0990195135927845
P,W,4.123105625617661
B,T,2.23606797749979
B,D,2.0
B,K,4.123105625617661
B,G,4.0
B,CH,3.2015621187164243
B,JH,3.0413812651491097
B,F,1.7320508075688772
B,V,1.4142135623730951
B,TH,2.449489742783178
B,DH,2.23606797749979
B,S,2.449489742783178
B,Z,2.23606797749979
B,SH,3.3166247903554
B,ZH,3.1622776601683795
B,HH,5.196152422706632
B,M,2.0
B,N,2.8284271247461903
B,NG,4.47213595499958
B,L,3.605551275463989
B,R,4.031128874149275
B,Y,5.0
B,W,4.0
T,D,1.0
T,K,2.0
T,G,2.23606797749979
T,CH,1.118033988749895
T,JH,1.5
T,F,1.4142135623730951
T,V,1.7320508075688772
T,TH,1.0
T,DH,1.4142135623730951
T,S,1.0
T,Z,1.4142135623730951
T,SH,1.4142135623730951
T,ZH,1.7320508075688772
T,HH,3.1622776601683795
T,M,3.0
T,N,2.23606797749979
T,NG,3.0
T,L,3.1622776601683795
T,R,3.640054944640259
T,Y,4.242640687119285
T,W,4.58257569495584
D,K,2.23606797749979
D,G,2.0
D,CH,1.5
D,JH,1.118033988749895
D,F,1.7320508075688772
D,V,1.4142135623730951
D,TH,1.4142135623730951
D,DH,1.0
D,S,1.4142135623730951
D,Z,1.0
D,SH,1.7320508075688772
D,ZH,1.4142135623730951
D,HH,3.3166247903554
D,M,2.8284271247461903
D,N,2.0
D,NG,2.8284271247461903
D,L,3.0
D,R,3.5
D,Y,4.123105625617661
D,W,4.47213595499958
K,G,1.0
K,CH,1.118033988749895
K,JH,1.5
K,F,3.1622776601683795
K,V,3.3166247903554
K,TH,2.23606797749979
K,DH,2.449489742783178
K,S,2.23606797749979
K,Z,2.449489742783178
K,SH,1.4142135623730951
K,ZH,1.7320508075688772
K,HH,1.4142135623730951
K,M,4.58257569495584
K,N,3.0
K,NG,2.23606797749979
K,L,3.7416573867739413
K,R,4.153311931459037
K,Y,4.242640687119285
K,W,5.744562646538029
G,CH,1.5
G,JH,1.118033988749895
G,F,3.3166247903554
G,V,3.1622776601683795
G,TH,2.449489742783178
G,DH,2.23606797749979
G,S,2.449489742783178
G,Z,2.23606797749979
G,SH,1.7320508075688772
G,ZH,1.4142135623730951
G,HH,1.7320508075688772
G,M,4.47213595499958
G,N,2.8284271247461903
G,NG,2.0
G,L,3.605551275463989
G,R,4.031128874149275
G,Y,4.123105625617661
G,W,5.656854249492381
CH,JH,1.0
CH,F,2.0615528128088303
CH,V,2.29128784747792
CH,TH,1.118033988749895
CH,DH,1.5
CH,S,1.118033988749895
CH,Z,1.5
CH,SH,0.5
CH,ZH,1.118033988749895
CH,HH,2.0615528128088303
CH,M,3.5
CH,N,2.0615528128088303
CH,NG,2.0615528128088303
CH,L,2.8722813232690143
CH,R,3.3166247903554
CH,Y,3.640054944640259
CH,W,4.716990566028302
JH,F,2.29128784747792
JH,V,2.0615528128088303
JH,TH,1.5
JH,DH,1.118033988749895
JH,S,1.5
JH,Z,1.118033988749895
JH,SH,1.118033988749895
JH,ZH,0.5
JH,HH,2.29128784747792
JH,M,3.3541019662496847
JH,N,1.8027756377319946
JH,NG,1.8027756377319946
JH,L,2.692582403567252
JH,R,3.1622776601683795
JH,Y,3.5
JH,W,4.6097722286464435
F,V,1.0
F,TH,1.0
F,DH,1.4142135623730951
F,S,1.0
F,Z,1.4142135623730951
F,SH,2.0
F,ZH,2.23606797749979
F,HH,4.0
F,M,1.7320508075688772
F,N,1.7320508075688772
F,NG,3.3166247903554
F,L,2.449489742783178
F,R,2.8722813232690143
F,Y,3.7416573867739413
F,W,3.3166247903554
V,TH,1.4142135623730951
V,DH,1.0
V,S,1.4142135623730951
V,Z,1.0
V,SH,2.23606797749979
V,ZH,2.0
V,HH,4.123105625617661
V,M,1.4142135623730951
V,N,1.4142135623730951
V,NG,3.1622776601683795
V,L,2.23606797749979
V,R,2.692582403567252
V,Y,3.605551275463989
V,W,3.1622776601683795
TH,DH,1.0
TH,S,0.0
TH,Z,1.0
TH,SH,1.0
TH,ZH,1.4142135623730951
TH,HH,3.0
TH,M,2.449489742783178
TH,N,1.4142135623730951
TH,NG,2.449489742783178
TH,L,2.23606797749979
TH,R,2.692582403567252
TH,Y,3.3166247903554
TH,W,3.7416573867739413
DH,S,1.0
DH,Z,0.0
DH,SH,1.4142135623730951
DH,ZH,1.0
DH,HH,3.1622776601683795
DH,M,2.23606797749979
DH,N,1.0
DH,NG,2.23606797749979
DH,L,2.0
DH,R,2.5
DH,Y,3.1622776601683795
DH,W,3.605551275463989
S,Z,1.0
S,SH,1.0
S,ZH,1.4142135623730951
S,HH,3.0
S,M,2.449489742783178
S,N,1.4142135623730951
S,NG,2.449489742783178
S,L,2.23606797749979
S,R,2.692582403567252
S,Y,3.3166247903554
S,W,3.7416573867739413
Z,SH,1.4142135623730951
Z,ZH,1.0
Z,HH,3.1622776601683795
Z,M,2.23606797749979
Z,N,1.0
Z,NG,2.23606797749979
Z,L,2.0
Z,R,2.5
Z,Y,3.1622776601683795
Z,W,3.605551275463989
SH,ZH,1.0
SH,HH,2.0
SH,M,3.3166247903554
SH,N,1.7320508075688772
SH,NG,1.7320508075688772
SH,L,2.449489742783178
SH,R,2.8722813232690143
SH,Y,3.1622776601683795
SH,W,4.358898943540674
ZH,HH,2.23606797749979
ZH,M,3.1622776601683795
ZH,N,1.4142135623730951
ZH,NG,1.4142135623730951
ZH,L,2.23606797749979
ZH,R,2.692582403567252
ZH,Y,3.0
ZH,W,4.242640687119285
HH,M,5.196152422706632
HH,N,3.3166247903554
HH,NG,1.7320508075688772
HH,L,3.7416573867739413
HH,R,4.031128874149275
HH,Y,3.7416573867739413
HH,W,5.916079783099616
M,N,2.0
M,NG,4.0
M,L,2.23606797749979
M,R,2.5
M,Y,3.605551275463989
M,W,2.0
N,NG,2.0
N,L,1.0
N,R,1.5
N,Y,2.23606797749979
N,W,2.8284271247461903
NG,L,2.23606797749979
NG,R,2.5
NG,Y,2.23606797749979
NG,W,4.47213595499958
L,R,0.5
L,Y,1.4142135623730951
L,W,2.23606797749979
R,Y,1.118033988749895
R,W,2.0615528128088303
Y,W,3.0
